{
	"com_categories:category|edit" : {
		"title": "category",
		"option": "com_categories",
		"view": "category",
		"layout": "edit",
		"fields": {
			"metadesc": {
				"selector": "#jform_metadesc",
				"settings": {
					"maxChars": 150,
					"chopText": 0,
					"required": 0
				}
			},
			"metakey": {
				"selector": "#jform_metakey",
				"settings": {
					"maxChars": 150,
					"chopText": 0,
					"required": 0
				}
			},
			"title": {
				"selector": "#jform_title",
				"settings": {
					"maxChars": 55,
					"chopText": 0
				}
			},
			"alias": {
				"selector": "#jform_alias",
				"settings": {
					"maxChars": 55,
					"chopText": 0
				}
			}
		}
	},
	"com_config:application|" : {
		"title": "configuration",
		"description": "PLG_SYSTEM_CHARACTERSCOUNTERGHSVS_FORMDATA_CONFIGURATION_DESC",
		"option": "com_config",
		"view": "",
		"layout": "",
		"fields": {
			"metadesc": {
				"selector": "#jform_MetaDesc",
				"settings": {
					"maxChars": 150,
					"chopText": 0,
					"required": 0
				},
				"formFieldAttribs": {
					"name": "MetaDesc",
					"group": ""
				}
			},
			"metakey": {
				"selector": "#jform_MetaKeys",
				"settings": {
					"maxChars": 150,
					"chopText": 0,
					"required": 0
				},
				"loadXmlFields": [
					"application-metaKeys"
				],
				"formFieldAttribs": {
					"name": "MetaKeys",
					"group": ""
				}
			}
		}
	},
	"com_contact:contact|edit" : {
		"title": "contact",
		"option": "com_contact",
		"view": "contact",
		"layout": "edit",
		"fields": {
			"metadesc": {
				"selector": "#jform_metadesc",
				"settings": {
					"maxChars": 150,
					"chopText": 0,
					"required": 0

				}
			},
			"metakey": {
				"selector": "#jform_metakey",
				"settings": {
					"maxChars": 150,
					"chopText": 0,
					"required": 0
				}
			},
			"title": {
				"selector": "#jform_name",
				"settings": {
					"maxChars": 55,
					"chopText": 0
				}
			},
			"alias": {
				"selector": "#jform_alias",
				"settings": {
					"maxChars": 55,
					"chopText": 0
				}
			}
		}
	},
	"com_content:article|edit" : {
		"title": "article",
		"option": "com_content",
		"view": "article",
		"layout": "edit",
		"fields": {
			"metadesc": {
				"selector": "#jform_metadesc",
				"settings": {
					"maxChars": 150,
					"chopText": 0,
					"required": 0
				}
			},
			"metakey": {
				"selector": "#jform_metakey",
				"settings": {
					"maxChars": 150,
					"chopText": 0,
					"required": 0
				}
			},
			"title": {
				"selector": "#jform_title",
				"settings": {
					"maxChars": 55,
					"chopText": 0
				}
			},
			"alias": {
				"selector": "#jform_alias",
				"settings": {
					"maxChars": 55,
					"chopText": 0
				}
			}
		}
	},
	"com_menus:item|edit" : {
		"title": "menu_item",
		"description": "PLG_SYSTEM_CHARACTERSCOUNTERGHSVS_FORMDATA_MENU_ITEM_DESC",
		"option": "com_menus",
		"view": "item",
		"layout": "edit",
		"fields": {
			"metadesc": {
				"selector": "#jform_params_menu_meta_description",
				"settings": {
					"maxChars": 150,
					"chopText": 0,
					"required": 0
				},
				"formFieldAttribs": {
					"name": "menu-meta_description",
					"group": "params"
				}
			},
			"metakey": {
				"selector": "#jform_params_menu_meta_keywords",
				"settings": {
					"maxChars": 150,
					"chopText": 0,
					"required": 0
				},
				"formFieldAttribs": {
					"name": "menu-meta_keywords",
					"group": "params"
				},
				"loadXmlFields": [
					"menu-meta_keywords"
				],
				"exclude": {
					"type": [
						"heading", "alias", "separator", "url"
					]
				}
			},
			"title": {
				"selector": "#jform_title",
				"settings": {
					"maxChars": 55,
					"chopText": 0
				}
			},
			"alias": {
				"selector": "#jform_alias",
				"settings": {
					"maxChars": 55,
					"chopText": 0
				}
			}
		}
	},
	"com_languages:language|edit" : {
		"title": "language",
		"description": "PLG_SYSTEM_CHARACTERSCOUNTERGHSVS_FORMDATA_LANGUAGE_DESC",
		"option": "com_languages",
		"view": "language",
		"layout": "edit",
		"fields": {
			"metadesc": {
				"selector": "#jform_metadesc",
				"settings": {
					"maxChars": 150,
					"chopText": 0,
					"required": 0
				}
			},
			"metakey": {
				"selector": "#jform_metakey",
				"settings": {
					"maxChars": 150,
					"chopText": 0,
					"required": 0
				},
				"loadXmlFields": [
					"language-metakey"
				]
			}
		}
	}
}
